pdb,nnodes,nedges,num,idist,nsols,tsecs,min_eij,avg_eij,max_eij,min_rmsd,avg_rmsd,max_rmsd
"1cruA_85 (88,91)",36,264,100,"[4.78, 6.55]",26,5.714663,0.00112,0.005585538461538462,0.009354,7.117,15.844384615384614,20.2
