pdb,nnodes,nedges,num,idist,nsols,tsecs,min_eij,avg_eij,max_eij,min_rmsd,avg_rmsd,max_rmsd
"1ctqA_26 (29,32)",36,264,1000,"[9.24, 9.71]",694,49.000978,3.825e-05,0.005000844812680116,0.009994,0.01393,7.000018443804035,12.06
