pdb,nnodes,nedges,num,idist,nsols,tsecs,min_eij,avg_eij,max_eij,min_rmsd,avg_rmsd,max_rmsd
"1d4oA_88 (91,94)",36,264,1000,"[5.88, 6.67]",610,80.403215,6.245e-06,0.005030947885245902,0.009981,0.001681,13.156053085245903,18.47
