pdb,nnodes,nedges,num,idist,nsols,tsecs,min_eij,avg_eij,max_eij,min_rmsd,avg_rmsd,max_rmsd
"1eguA_508 (511,514)",36,264,1000,"[5.57, 7.43]",734,54.085875,1.797e-05,0.005002722098092644,0.009994,6.24,13.959986376021797,19.03
