pdb,nnodes,nedges,num,idist,nsols,tsecs,min_eij,avg_eij,max_eij,min_rmsd,avg_rmsd,max_rmsd
"1eguA_508 (511,514)",36,264,100,"[5.57, 7.43]",72,5.673933,0.0003167,0.005024797222222222,0.009958,7.257,13.850194444444444,19.03
