pdb,nnodes,nedges,num,idist,nsols,tsecs,min_eij,avg_eij,max_eij,min_rmsd,avg_rmsd,max_rmsd
"1f74A_11 (14,17)",36,264,100,"[10.84, 11.19]",100,5.871954,0.00032,0.004844102,0.009988,0.2557,7.593214000000001,10.09
