pdb,nnodes,nedges,num,idist,nsols,tsecs,min_eij,avg_eij,max_eij,min_rmsd,avg_rmsd,max_rmsd
"1q1wA_31 (34,37)",36,264,100,"[11.30, 11.60]",12,3.238997,0.004635,0.005332333333333332,0.006348,3.11,4.192333333333334,4.743
