pdb,nnodes,nedges,num,idist,nsols,tsecs,min_eij,avg_eij,max_eij,min_rmsd,avg_rmsd,max_rmsd
"1q1wA_31 (34,37)",36,264,1000,"[11.30, 11.60]",112,30.968143,0.0001464,0.004968410714285714,0.009127,0.08117,3.986774107142857,4.75
