pdb,nnodes,nedges,num,idist,nsols,tsecs,min_eij,avg_eij,max_eij,min_rmsd,avg_rmsd,max_rmsd
"1qopA_178 (181,184)",36,264,1000,"[8.37, 10.59]",472,46.190578,1.455e-05,0.004955054110169491,0.00998,0.009709,11.092259317796609,19.3
