pdb,nnodes,nedges,num,idist,nsols,tsecs,min_eij,avg_eij,max_eij,min_rmsd,avg_rmsd,max_rmsd
"1dvjA_20 (21,22)",12,36,100,"[4.01, 5.19]",530,1.547696,0.0002403,0.005402089056603773,0.009983,0.02651,1.5182826792452826,2.72
