RECORD,serial,name,altLoc,resName,chainID,resSeq,iCode,x,y,z,occupancy,tempFactor,element,charge
ATOM,96,N, ,ASP,A,20, ,15.154000096851458,2.4390000406740917,20.57400001189747,1.0,13.32,N,
ATOM,97,CA, ,ASP,A,20, ,13.917999916507776,1.6530000164084588,20.688999946073867,1.0,12.89,C,
ATOM,98,C, ,ASP,A,20, ,12.88599998752806,1.8960000933250882,19.58599994544525,1.0,14.81,C,
ATOM,104,N, ,LEU,A,21, ,13.353999957145353,2.479000088558364,18.487000017237254,1.0,15.33,N,
ATOM,105,CA, ,LEU,A,21, ,12.462999945059297,2.569000069029528,17.306000062135155,1.0,15.35,C,
ATOM,106,C, ,LEU,A,21, ,12.260999925195685,1.111999903865087,16.87900003825947,1.0,16.73,C,
ATOM,112,N, ,MET,A,22, ,11.17900001299109,0.8420000903025129,16.149999909959064,1.0,15.9,N,
ATOM,113,CA, ,MET,A,22, ,10.814000028898183,-0.5350000321234967,15.81200005023782,1.0,16.56,C,
ATOM,114,C, ,MET,A,22, ,10.885000011126618,-0.9200000953697672,14.333999953971148,1.0,18.7,C,
ATOM,120,N, ,ASN,A,23, ,11.579000015277918,-0.11499992748468005,13.554999976149489,1.0,19.6,N,
ATOM,121,CA, ,ASN,A,23, ,11.773999939253134,-0.5149999824448075,12.170000021437968,1.0,20.8,C,
ATOM,122,C, ,ASN,A,23, ,13.172999973537003,-0.08300009623327251,11.793999970035452,1.0,20.34,C,
