RECORD,serial,name,altLoc,resName,chainID,resSeq,iCode,x,y,z,occupancy,tempFactor,element,charge
ATOM,350,N, ,VAL,A,47, ,-3.85199995639998,32.412000087736324,8.262000072204696,1.0,17.29,N,
ATOM,351,CA, ,VAL,A,47, ,-3.8350000108336793,31.748999983329103,9.577999905201446,1.0,15.28,C,
ATOM,352,C, ,VAL,A,47, ,-2.403999995628923,31.717000033118467,10.12100003300806,1.0,13.52,C,
ATOM,357,N, ,GLY,A,48, ,-2.1670000221303924,32.42999995818631,11.22999998153561,1.0,15.51,N,
ATOM,358,CA, ,GLY,A,48, ,-0.767999941305845,32.45899993360975,11.709000084373205,1.0,16.24,C,
ATOM,359,C, ,GLY,A,48, ,-0.3699999525872875,31.115999973966996,12.317000028594578,1.0,15.45,C,
ATOM,361,N, ,THR,A,49, ,0.9189999920026064,30.785000031876542,12.17699992090999,1.0,16.03,N,
ATOM,362,CA, ,THR,A,49, ,1.4349999751412663,29.55700000396169,12.783000041155915,1.0,16.13,C,
ATOM,363,C, ,THR,A,49, ,2.804999906970318,29.90100003135195,13.37700009274489,1.0,17.15,C,
ATOM,368,N, ,PHE,A,50, ,3.1640000275269884,29.32200007273138,14.530000030715074,1.0,16.48,N,
ATOM,369,CA, ,PHE,A,50, ,4.517999934969952,29.58700004435757,15.003000081505947,1.0,13.84,C,
ATOM,370,C, ,PHE,A,50, ,5.59199994545286,28.969000061721427,14.111000057344562,1.0,14.81,C,
