RECORD,serial,name,altLoc,resName,chainID,resSeq,iCode,x,y,z,occupancy,tempFactor,element,charge
ATOM,1905,N, ,TYR,A,404, ,6.001999949376794,-21.908000096428154,39.0390000524517,1.0,15.6,N,
ATOM,1906,CA, ,TYR,A,404, ,5.6130000528294985,-20.754999916822424,38.230999919123136,1.0,15.87,C,
ATOM,1907,C, ,TYR,A,404, ,4.442000026597388,-20.916999969821934,37.2640000274312,1.0,16.08,C,
ATOM,1917,N, ,THR,A,405, ,3.520999929379185,-21.830000038859808,37.561000010550764,1.0,15.79,N,
ATOM,1918,CA, ,THR,A,405, ,2.371000073004222,-22.04299996517824,36.67899990231541,1.0,16.48,C,
ATOM,1919,C, ,THR,A,405, ,1.5819999654641426,-20.754000028275826,36.413999930730704,1.0,16.63,C,
ATOM,1924,N, ,GLY,A,406, ,1.4069999023323856,-19.95099993602011,37.462999930220825,1.0,16.51,N,
ATOM,1925,CA, ,GLY,A,406, ,0.6339999490749562,-18.719999901302153,37.37400004304089,1.0,17.55,C,
ATOM,1926,C, ,GLY,A,406, ,1.2219999384134967,-17.455999992290078,36.77200005221295,1.0,19.33,C,
ATOM,1928,N, ,ALA,A,407, ,2.389000032810497,-17.557000010629544,36.14400001014209,1.0,19.94,N,
ATOM,1929,CA, ,ALA,A,407, ,2.998999992526237,-16.39500009175606,35.51000009916127,1.0,19.03,C,
ATOM,1930,C, ,ALA,A,407, ,3.608000020856837,-16.847999905158414,34.1869999964263,1.0,20.13,C,
