pdb,nnodes,nedges,num,idist,nsols,tsecs,min_eij,avg_eij,max_eij,min_rmsd,avg_rmsd,max_rmsd
"1eguA_404 (405,406)",12,36,1000,"[3.95, 5.27]",544,6.613862,5.181e-05,0.005083367904411765,0.009996,0.002307,0.8286847830882353,1.143
