RECORD,serial,name,altLoc,resName,chainID,resSeq,iCode,x,y,z,occupancy,tempFactor,element,charge
ATOM,346,N, ,GLY,A,74, ,10.946000050386507,50.93299992377552,2.7599999751154165,1.0,10.27,N,
ATOM,347,CA, ,GLY,A,74, ,10.801000006719853,51.63700002113587,1.4950000769222433,1.0,13.02,C,
ATOM,348,C, ,GLY,A,74, ,10.493999937613303,50.74099997030338,0.3359999508944862,1.0,10.39,C,
ATOM,350,N, ,GLY,A,75, ,10.340000081849098,51.35199992198674,-0.8389999729423269,1.0,12.73,N,
ATOM,351,CA, ,GLY,A,75, ,9.988000025933788,50.587000096659935,-2.023000060464017,1.0,12.86,C,
ATOM,352,C, ,GLY,A,75, ,11.02700007035334,49.635999934033606,-2.5719999757287852,1.0,11.93,C,
ATOM,354,N, ,LYS,A,76, ,12.273000091514406,49.78200007703321,-2.127000089930846,1.0,12.53,N,
ATOM,355,CA, ,LYS,A,76, ,13.309999919411059,48.89799992708242,-2.618999953173825,1.0,13.08,C,
ATOM,356,C, ,LYS,A,76, ,13.553999927855868,47.74300007059242,-1.6509999077119575,1.0,14.25,C,
ATOM,363,N, ,GLY,A,77, ,12.876999973685642,47.73099990470595,-0.5019999133452434,1.0,12.78,N,
ATOM,364,CA, ,GLY,A,77, ,13.028999966905744,46.54400000412007,0.3469999388098819,1.0,11.87,C,
ATOM,365,C, ,GLY,A,77, ,11.866000037056462,45.61300007001493,-0.03300007691532972,1.0,10.27,C,
