RECORD,serial,name,altLoc,resName,chainID,resSeq,iCode,x,y,z,occupancy,tempFactor,element,charge
ATOM,962,N, ,ARG,A,123, ,17.466000022064183,29.260999929065743,18.97000006941223,1.0,6.19,N,
ATOM,963,CA, ,ARG,A,123, ,16.209999957406804,29.718000059101097,19.570999968096835,1.0,7.03,C,
ATOM,964,C, ,ARG,A,123, ,15.776000081237251,28.729999998515364,20.642999932303198,1.0,7.93,C,
ATOM,973,N, ,PHE,A,124, ,16.097000057972448,29.055000078892615,21.895999999634764,1.0,6.67,N,
ATOM,974,CA, ,PHE,A,124, ,15.895000060820452,28.124999970951563,22.99300002112907,1.0,5.98,C,
ATOM,975,C, ,PHE,A,124, ,14.448000090623061,28.16599999787346,23.46699997478564,1.0,5.98,C,
ATOM,984,N, ,GLY,A,125, ,13.846999937256331,26.997999992058087,23.615000052390048,1.0,5.9,N,
ATOM,985,CA, ,GLY,A,125, ,12.421000080862896,26.88299990611938,23.854999972952797,1.0,6.04,C,
ATOM,986,C, ,GLY,A,125, ,11.64100002095594,26.960000019836347,22.556999990597628,1.0,6.16,C,
ATOM,988,N, ,SER,A,126, ,10.434000077919602,27.510999922300794,22.607000047023217,1.0,4.61,N,
ATOM,989,CA, ,SER,A,126, ,9.555999901943899,27.53100002913148,21.434999979746905,1.0,6.14,C,
ATOM,990,C, ,SER,A,126, ,9.785999943183091,28.804999932900728,20.61899992103989,1.0,6.11,C,
