pdb,nnodes,nedges,num,idist,nsols,tsecs,min_eij,avg_eij,max_eij,min_rmsd,avg_rmsd,max_rmsd
"1i0hA_123 (124,125)",12,36,1000,"[4.24, 5.20]",516,9.144476,8.753e-05,0.005030316395348838,0.009995,0.0009774,1.2514338426356588,1.879
