pdb,nnodes,nedges,num,idist,nsols,tsecs,min_eij,avg_eij,max_eij,min_rmsd,avg_rmsd,max_rmsd
"1id0A_405 (406,407)",12,36,1000,"[3.14, 4.95]",70,3.872324,0.0002132,0.005046708571428572,0.009745,0.01111,1.805521142857143,2.163
