RECORD,serial,name,altLoc,resName,chainID,resSeq,iCode,x,y,z,occupancy,tempFactor,element,charge
ATOM,594,N, ,THR,A,405, ,19.400999994573446,41.091999903023414,7.599000082353016,1.0,14.23,N,
ATOM,595,CA, ,THR,A,405, ,18.366999908370715,42.06400008194942,7.846000075948344,1.0,14.74,C,
ATOM,596,C, ,THR,A,405, ,18.800999964920337,43.31100006935087,7.101999977101473,1.0,16.23,C,
ATOM,601,N, ,ASP,A,406, ,18.177000003876948,44.4389999462192,7.406999924275754,1.0,16.98,N,
ATOM,602,CA, ,ASP,A,406, ,18.530999918816686,45.65700005752021,6.7269999719005265,1.0,22.05,C,
ATOM,603,C, ,ASP,A,406, ,19.970999914987246,46.11300000488622,7.010000045268696,1.0,19.1,C,
ATOM,609,N,A,GLU,A,407, ,20.427999912925888,45.975999943583126,8.248999990572894,0.5,16.74,N,
ATOM,611,CA,A,GLU,A,407, ,21.76500001081042,46.45099990491502,8.591000096039833,0.5,16.37,C,
ATOM,613,C,A,GLU,A,407, ,22.726999945400088,45.399999975200245,9.114000041495926,0.5,12.31,C,
ATOM,627,N, ,HIS,A,408, ,22.245999996559995,44.171999976883185,9.270999996916027,1.0,12.24,N,
ATOM,628,CA, ,HIS,A,408, ,23.109999968960224,43.11199994562738,9.785000073764744,1.0,10.63,C,
ATOM,629,C, ,HIS,A,408, ,23.09399991388816,41.8369999519104,8.969999906883375,1.0,13.03,C,
