RECORD,serial,name,altLoc,resName,chainID,resSeq,iCode,x,y,z,occupancy,tempFactor,element,charge
ATOM,1526,N, ,ASP,A,195, ,19.781999991482603,42.300999947174134,8.343000008394878,1.0,9.14,N,
ATOM,1527,CA, ,ASP,A,195, ,18.49999997055072,42.99999998113918,8.523999933246133,1.0,8.81,C,
ATOM,1528,C, ,ASP,A,195, ,18.3599999085837,43.44399998012382,10.000999953436342,1.0,9.17,C,
ATOM,1534,N, ,SER,A,196, ,18.49899990631839,44.75699993306611,10.275000028773865,1.0,8.56,N,
ATOM,1535,CA, ,SER,A,196, ,18.324999954024744,45.22899995818077,11.664000005332133,1.0,9.06,C,
ATOM,1536,C, ,SER,A,196, ,16.911000069453003,45.70800006530862,12.006999913977875,1.0,9.69,C,
ATOM,1540,N, ,ASN,A,197, ,15.945000043902985,45.552000066199675,11.047999959249582,1.0,9.3,N,
ATOM,1541,CA, ,ASN,A,197, ,14.608999916381613,45.99199999721867,11.24300001550221,1.0,8.42,C,
ATOM,1542,C, ,ASN,A,197, ,13.699999957973201,44.95800000610119,11.911999905359052,1.0,8.44,C,
ATOM,1548,N, ,HIS,A,198, ,14.006999970513428,43.663000082771646,11.730999924482742,1.0,8.95,N,
ATOM,1549,CA, ,HIS,A,198, ,13.029999966423514,42.58500007426868,12.11200004860359,1.0,7.46,C,
ATOM,1550,C, ,HIS,A,198, ,13.470999934140206,41.667000094104736,13.22999997163046,1.0,7.37,C,
