RECORD,serial,name,altLoc,resName,chainID,resSeq,iCode,x,y,z,occupancy,tempFactor,element,charge
ATOM,352,N, ,GLY,A,44, ,35.718000094040484,40.15900002871118,18.338999993393706,1.0,16.67,N,
ATOM,353,CA, ,GLY,A,44, ,34.89700002273777,38.974000030425636,18.133000039239104,1.0,18.34,C,
ATOM,354,C, ,GLY,A,44, ,35.54000000199769,37.619000024988914,18.285999921558464,1.0,16.9,C,
ATOM,356,N, ,ALA,A,45, ,36.80400005342207,37.523000087816676,18.680999937863383,1.0,16.37,N,
ATOM,357,CA, ,ALA,A,45, ,37.39799994102383,36.19500006341585,18.835999985883856,1.0,15.38,C,
ATOM,358,C, ,ALA,A,45, ,36.60300000931669,35.37599998357327,19.85100000428518,1.0,13.44,C,
ATOM,361,N, ,ASP,A,46, ,36.32099993763236,34.11800005673853,19.526999992039837,1.0,12.15,N,
ATOM,362,CA, ,ASP,A,46, ,35.60599997128764,33.262000060524976,20.460000056075174,1.0,13.91,C,
ATOM,363,C, ,ASP,A,46, ,36.52800000102967,32.578999964015246,21.45900004789777,1.0,14.0,C,
ATOM,369,N, ,ALA,A,47, ,37.77900000231395,32.3920000422792,21.04500000687048,1.0,14.1,N,
ATOM,370,CA, ,ALA,A,47, ,38.78600009884924,31.715000041595598,21.853000066880757,1.0,12.85,C,
ATOM,371,C, ,ALA,A,47, ,40.13599990163832,32.21499994050559,21.32799998509885,1.0,11.99,C,
