RECORD,serial,name,altLoc,resName,chainID,resSeq,iCode,x,y,z,occupancy,tempFactor,element,charge
ATOM,688,N, ,GLY,A,95, ,-32.0389999842131,22.22700003635264,-0.5540000343267315,1.0,11.12,N,
ATOM,689,CA, ,GLY,A,95, ,-32.77599992207898,21.38699995633288,-1.493000064668005,1.0,11.75,C,
ATOM,690,C, ,GLY,A,95, ,-32.452999900062125,19.90400007470302,-1.3660000484545456,1.0,11.91,C,
ATOM,692,N, ,ASN,A,96, ,-32.11800009375055,19.472000061587753,-0.1430000366234978,1.0,10.44,N,
ATOM,693,CA, ,ASN,A,96, ,-31.755999904851734,18.077999912159633,0.12899993643225943,1.0,10.32,C,
ATOM,694,C, ,ASN,A,96, ,-30.54799991066912,17.62799995394859,-0.6869999348261515,1.0,10.02,C,
ATOM,700,N, ,ASN,A,97, ,-29.505000030185215,18.437000052631582,-0.6240000606356798,1.0,8.45,N,
ATOM,701,CA, ,ASN,A,97, ,-28.257999982995457,18.144000097125794,-1.3030000408718099,1.0,8.36,C,
ATOM,702,C, ,ASN,A,97, ,-27.14699991764472,18.002999980538366,-0.27700005524148735,1.0,7.94,C,
ATOM,708,N, ,LYS,A,98, ,-26.248000061367986,17.044999927517672,-0.4919999578350404,1.0,7.61,N,
ATOM,709,CA, ,LYS,A,98, ,-25.116000048643325,16.858999986799557,0.4160000610225072,1.0,7.39,C,
ATOM,710,C, ,LYS,A,98, ,-24.265000036666752,18.12400005668161,0.43500000319773185,1.0,7.64,C,
