RECORD,serial,name,altLoc,resName,chainID,resSeq,iCode,x,y,z,occupancy,tempFactor,element,charge
ATOM,928,N, ,GLY,D,121, ,10.562000026367249,41.94699995555703,8.235999946625851,1.0,10.68,N,
ATOM,929,CA, ,GLY,D,121, ,10.331999968959295,40.617000041907154,7.6749999250583745,1.0,11.05,C,
ATOM,930,C, ,GLY,D,121, ,10.802000087994621,39.564000033622854,8.683999929505491,1.0,10.06,C,
ATOM,932,N, ,SER,D,122, ,10.109999988025304,38.43299998594241,8.714999917828067,1.0,10.33,N,
ATOM,933,CA, ,SER,D,122, ,10.459999919054004,37.351999918935505,9.637999966334093,1.0,11.2,C,
ATOM,934,C, ,SER,D,122, ,11.866000039214857,36.835999991861954,9.436000005256979,1.0,12.06,C,
ATOM,939,N, ,GLN,D,123, ,12.369999917374878,36.857999943801566,8.20399990976895,1.0,11.62,N,
ATOM,940,CA, ,GLN,D,123, ,13.716999992222547,36.35200009995459,7.939000024453439,1.0,13.41,C,
ATOM,941,C, ,GLN,D,123, ,14.796999913551282,37.15999995160113,8.620000078898238,1.0,12.93,C,
ATOM,948,N, ,ALA,D,124, ,14.534000022931258,38.385000057167474,9.052999945040257,1.0,10.82,N,
ATOM,949,CA, ,ALA,D,124, ,15.494999994461127,39.2080000474124,9.756999972887728,1.0,11.13,C,
ATOM,950,C, ,ALA,D,124, ,15.599999918210303,38.85299997303395,11.23399993521327,1.0,10.86,C,
