RECORD,serial,name,altLoc,resName,chainID,resSeq,iCode,x,y,z,occupancy,tempFactor,element,charge
ATOM,654,N, ,HIS,A,85, ,21.040000059385534,24.40800006600714,62.686999984201755,1.0,13.6,N,
ATOM,655,CA, ,HIS,A,85, ,20.811999944731006,23.26900001067227,63.589000014939046,1.0,14.22,C,
ATOM,656,C, ,HIS,A,85, ,22.16599991698217,22.942000090077798,64.20599995273554,1.0,14.62,C,
ATOM,664,N, ,PRO,A,86, ,22.21199995294808,22.64099997898982,65.50299995928324,1.0,15.73,N,
ATOM,665,CA, ,PRO,A,86, ,23.440999996827596,22.38900003954894,66.22100000706448,1.0,16.87,C,
ATOM,666,C, ,PRO,A,86, ,24.20899994391439,21.15299992465857,65.79499991732791,1.0,17.47,C,
ATOM,671,N, ,ASP,A,87, ,23.519000051771723,20.220000042805772,65.15699990162919,1.0,20.21,N,
ATOM,672,CA, ,ASP,A,87, ,24.145999912102805,19.00500004483916,64.62400003778194,1.0,21.76,C,
ATOM,673,C, ,ASP,A,87, ,23.939000025598396,19.014000010847045,63.110000042706574,1.0,21.7,C,
ATOM,679,N, ,PHE,A,88, ,24.491999999674064,20.04799998860498,62.481000018773926,1.0,22.0,N,
ATOM,680,CA, ,PHE,A,88, ,24.264000073817343,20.344000057961214,61.074000011521726,1.0,22.53,C,
ATOM,681,C, ,PHE,A,88, ,24.67499999260414,19.22600002933872,60.127000053013006,1.0,24.57,C,
ATOM,690,N, ,LYS,A,89, ,25.802999920343535,18.58699991998428,60.39700009536568,1.0,26.39,N,
ATOM,691,CA, ,LYS,A,89, ,26.27999999010385,17.51899991953994,59.522000091325125,1.0,29.02,C,
ATOM,692,C, ,LYS,A,89, ,25.24299997132426,16.410000057519703,59.38400004711965,1.0,29.38,C,
ATOM,699,N, ,ASN,A,90, ,24.454999941829584,16.168000058379327,60.42500003441751,1.0,28.61,N,
ATOM,700,CA, ,ASN,A,90, ,23.428000027764057,15.138000091772403,60.393999974447276,1.0,28.09,C,
ATOM,701,C, ,ASN,A,90, ,22.015000006880463,15.681000025707933,60.231000020826585,1.0,26.65,C,
ATOM,707,N, ,ASN,A,91, ,21.846999922038147,16.982999973995128,60.41200003319663,1.0,24.67,N,
ATOM,708,CA, ,ASN,A,91, ,20.55699993562055,17.64999993627956,60.29199996946688,1.0,22.53,C,
ATOM,709,C, ,ASN,A,91, ,20.798000062951154,19.00999993376587,59.635999972567376,1.0,20.94,C,
ATOM,715,N, ,PRO,A,92, ,20.94900003838281,19.0090000496673,58.32099994516707,1.0,19.22,N,
ATOM,716,CA, ,PRO,A,92, ,21.343999908052897,20.189999959265496,57.57600005529021,1.0,18.15,C,
ATOM,717,C, ,PRO,A,92, ,20.23500001172866,21.200000058779185,57.39799994236826,1.0,18.35,C,
