RECORD,serial,name,altLoc,resName,chainID,resSeq,iCode,x,y,z,occupancy,tempFactor,element,charge
ATOM,1174,N, ,THR,A,144, ,16.250999913424113,24.995000011380665,10.77899999806145,1.0,6.33,N,
ATOM,1175,CA, ,THR,A,144, ,16.018999907590153,26.39399993794689,10.448000063040778,1.0,7.56,C,
ATOM,1176,C, ,THR,A,144, ,16.65800004465248,27.27199999297601,11.489000022303754,1.0,7.55,C,
ATOM,1181,N, ,SER,A,145, ,16.931000030195058,28.503999998359355,11.067999917958666,1.0,8.9,N,
ATOM,1182,CA, ,SER,A,145, ,17.19599992004606,29.606000033967277,11.953000054529129,1.0,7.86,C,
ATOM,1183,C, ,SER,A,145, ,16.400000014462563,30.80600009780235,11.482000078677777,1.0,8.75,C,
ATOM,1187,N, ,ALA,A,146, ,15.50600002949632,31.277999903154264,12.334999969895199,1.0,7.97,N,
ATOM,1188,CA, ,ALA,A,146, ,14.746999967060072,32.47799996273449,12.087000031357812,1.0,8.38,C,
ATOM,1189,C, ,ALA,A,146, ,15.700000057950945,33.685999978695946,12.14899996364654,1.0,9.35,C,
ATOM,1192,N, ,LYS,A,147, ,16.837000023078865,33.5269999499006,12.836999990045701,1.0,9.46,N,
ATOM,1193,CA, ,LYS,A,147, ,17.81299993931241,34.61399994189736,12.970999999235222,1.0,11.98,C,
ATOM,1194,C, ,LYS,A,147, ,18.59099992675991,34.8589999787333,11.687999934518242,1.0,12.66,C,
ATOM,1201,N, ,THR,A,148, ,19.090000072360507,33.793000043607044,11.070000098800428,1.0,10.23,N,
ATOM,1202,CA, ,THR,A,148, ,19.878000004515837,33.96500003119972,9.875000018175601,1.0,13.88,C,
ATOM,1203,C, ,THR,A,148, ,19.082000075737334,33.719999987680424,8.604000018750975,1.0,13.39,C,
ATOM,1208,N, ,ARG,A,149, ,17.885999967891077,33.19900002762661,8.671999929156593,1.0,11.23,N,
ATOM,1209,CA, ,ARG,A,149, ,16.970000010854452,32.79000000786137,7.629999902428199,1.0,11.51,C,
ATOM,1210,C, ,ARG,A,149, ,17.342000045172014,31.430999941285727,7.055000051793503,1.0,11.28,C,
ATOM,1226,N, ,GLN,A,150, ,18.345000091012768,30.73499993306415,7.530999906278813,1.0,9.05,N,
ATOM,1227,CA, ,GLN,A,150, ,18.693000043603927,29.39900004051938,7.080000089950684,1.0,11.63,C,
ATOM,1228,C, ,GLN,A,150, ,17.4869999267565,28.49800003220755,7.178999967601041,1.0,10.61,C,
ATOM,1235,N, ,GLY,A,151, ,17.152999948659946,27.808999900400018,6.1079999405861995,1.0,11.77,N,
ATOM,1236,CA, ,GLY,A,151, ,16.044999967023756,26.900999945313508,6.016000009054694,1.0,9.24,C,
ATOM,1237,C, ,GLY,A,151, ,14.623999969115768,27.440999967155886,6.057999969761496,1.0,7.68,C,
