pdb,nnodes,nedges,num,idist,nsols,tsecs,min_eij,avg_eij,max_eij,min_rmsd,avg_rmsd,max_rmsd
"1ctqA_144 (146,148)",24,123,1000,"[6.84, 7.88]",476,41.424293,4.059e-05,0.005091287352941176,0.009972,0.005342,6.117346857142857,8.194
