RECORD,serial,name,altLoc,resName,chainID,resSeq,iCode,x,y,z,occupancy,tempFactor,element,charge
ATOM,2458,N, ,ASP,A,334, ,37.26099997313739,18.918999944941984,63.75500007740632,1.0,15.27,N,
ATOM,2459,CA, ,ASP,A,334, ,36.195000089841635,19.820000032795523,64.15299997362406,1.0,20.24,C,
ATOM,2460,C, ,ASP,A,334, ,34.96799996955795,19.17299991874878,63.61700008424781,1.0,30.18,C,
ATOM,2466,N, ,PHE,A,335, ,34.491999919927046,18.16600009976686,64.30000006559139,1.0,25.21,N,
ATOM,2467,CA, ,PHE,A,335, ,33.30200008264393,17.434999904233837,63.9129999010391,1.0,27.34,C,
ATOM,2468,C, ,PHE,A,335, ,32.61500008377083,17.046000091819383,65.20199994309792,1.0,32.02,C,
ATOM,2477,N, ,PHE,A,336, ,31.383999956846658,16.642000025040968,65.06600004553569,1.0,33.41,N,
ATOM,2478,CA, ,PHE,A,336, ,30.69200002391612,16.280000046099413,66.27100004251088,1.0,35.73,C,
ATOM,2479,C, ,PHE,A,336, ,29.62299995138355,15.244999963046475,65.93700003537073,1.0,36.17,C,
ATOM,2488,N, ,ASP,A,337, ,29.843000037406348,14.026999967151916,66.40700007429987,1.0,21.28,N,
ATOM,2489,CA, ,ASP,A,337, ,28.859999947754456,12.971000097162534,66.12299994845664,1.0,33.19,C,
ATOM,2490,C, ,ASP,A,337, ,28.330000012570466,12.344000030300904,67.42200001110767,1.0,27.44,C,
ATOM,2496,N, ,ALA,A,338, ,27.03699999594452,12.592000060950221,67.6829999717495,1.0,26.29,N,
ATOM,2497,CA, ,ALA,A,338, ,26.381000077825796,12.11400005934271,68.89200006631323,1.0,29.37,C,
ATOM,2498,C, ,ALA,A,338, ,25.62199994646653,10.843999990250555,68.7509999608209,1.0,29.3,C,
ATOM,2501,N, ,SER,A,339, ,25.74999999254083,10.201999900274457,67.59999996269805,1.0,23.36,N,
ATOM,2502,CA, ,SER,A,339, ,25.04199993467184,8.953999935278299,67.346000042297,1.0,23.52,C,
ATOM,2503,C, ,SER,A,339, ,25.8360000613265,7.675999945238813,67.62000008996215,1.0,27.31,C,
ATOM,2507,N, ,ILE,A,340, ,27.137999961476098,7.807000020907331,67.88999991182925,1.0,24.57,N,
ATOM,2508,CA, ,ILE,A,340, ,27.986000041089795,6.6270000047791875,68.14000006459545,1.0,24.59,C,
ATOM,2509,C, ,ILE,A,340, ,28.90800000482607,6.863999991225921,69.33600004429229,1.0,21.94,C,
ATOM,2515,N, ,ASN,A,341, ,29.6150000058754,5.852999967137552,69.78200000296806,1.0,17.74,N,
ATOM,2516,CA, ,ASN,A,341, ,30.499000051420488,6.085000042921796,70.93000007580336,1.0,19.25,C,
ATOM,2517,C, ,ASN,A,341, ,31.486000042679652,7.236000016589612,70.63100007438607,1.0,29.82,C,
