pdb,nnodes,nedges,num,idist,nsols,tsecs,min_eij,avg_eij,max_eij,min_rmsd,avg_rmsd,max_rmsd
"1d8wA_334 (336,338)",24,123,1000,"[7.28, 7.54]",1568,92.583791,5.409e-06,0.00750646906760204,0.009989,0.00605,2.685432633928571,3.611
