pdb,nnodes,nedges,num,idist,nsols,tsecs,min_eij,avg_eij,max_eij,min_rmsd,avg_rmsd,max_rmsd
"1ds1A_20 (22,24)",24,123,100,"[6.90, 7.62]",122,4.204757,0.0001266,0.004849414754098362,0.009952,0.0519,7.790711475409837,10.1
