RECORD,serial,name,altLoc,resName,chainID,resSeq,iCode,x,y,z,occupancy,tempFactor,element,charge
ATOM,132,N, ,LEU,A,20, ,-9.56299998452796,0.25000006403727953,30.67499996153624,1.0,8.11,N,
ATOM,133,CA, ,LEU,A,20, ,-8.312999968691997,0.8549999380765627,30.248000085362104,1.0,7.75,C,
ATOM,134,C, ,LEU,A,20, ,-8.030999922611164,2.214000044419306,30.845999940019897,1.0,8.65,C,
ATOM,140,N, ,PRO,A,21, ,-6.7510000867179905,2.57099992904162,31.05200004125101,1.0,8.37,N,
ATOM,141,CA, ,PRO,A,21, ,-6.432000027943083,3.9299999661027156,31.515999965140917,1.0,8.5,C,
ATOM,142,C, ,PRO,A,21, ,-7.085000017580354,5.003999994905567,30.65199990742207,1.0,8.43,C,
ATOM,147,N, ,ARG,A,22, ,-7.542000078338786,6.0700000310983855,31.31500008030613,1.0,8.99,N,
ATOM,148,CA, ,ARG,A,22, ,-8.285999991086884,7.114999956790635,30.646000026407044,1.0,10.17,C,
ATOM,149,C, ,ARG,A,22, ,-7.430000001079891,8.13300009399769,29.882999955553448,1.0,9.13,C,
ATOM,158,N, ,THR,A,23, ,-6.1440000063252995,8.163999923464612,30.138000096222687,1.0,9.17,N,
ATOM,159,CA, ,THR,A,23, ,-5.228999936029625,9.094999994981311,29.452000035517365,1.0,9.47,C,
ATOM,160,C, ,THR,A,23, ,-4.102999959042994,8.25599995962407,28.800999940672032,1.0,8.89,C,
ATOM,165,N, ,PRO,A,24, ,-4.3800000808655115,7.652000050763427,27.63899997436301,1.0,9.19,N,
ATOM,166,CA, ,PRO,A,24, ,-3.47199990325696,6.586999948125392,27.147999905877807,1.0,8.9,C,
ATOM,167,C, ,PRO,A,24, ,-2.036000067964634,7.015999993576266,26.97400003939114,1.0,8.31,C,
ATOM,172,N, ,ARG,A,25, ,-1.8420000608891078,8.217999900358965,26.42300007680055,1.0,7.76,N,
ATOM,173,CA, ,ARG,A,25, ,-0.4829999527277959,8.617999983379047,26.021999940920377,1.0,7.69,C,
ATOM,174,C, ,ARG,A,25, ,0.390000058095244,8.951000005787769,27.22100005346784,1.0,9.57,C,
ATOM,183,N, ,ALA,A,26, ,-0.18400000772239877,9.263000060344936,28.385999955501067,1.0,9.4,N,
ATOM,184,CA, ,ALA,A,26, ,0.6259999282389496,9.592999932236744,29.552999970333,1.0,10.16,C,
ATOM,185,C, ,ALA,A,26, ,1.4740000517124023,8.42200006223409,30.042000058433324,1.0,10.4,C,
ATOM,188,N, ,ASP,A,27, ,1.0080000603382777,7.21100003192338,29.75199993013026,1.0,10.74,N,
ATOM,189,CA, ,ASP,A,27, ,1.796999985551921,6.019000018808607,30.066000027729615,1.0,9.69,C,
ATOM,190,C, ,ASP,A,27, ,1.2950000798145243,4.972999938226705,29.05200003871761,1.0,8.91,C,
