RECORD,serial,name,altLoc,resName,chainID,resSeq,iCode,x,y,z,occupancy,tempFactor,element,charge
ATOM,892,N, ,GLY,A,122, ,2.351999981403626,-4.106999987912552,-10.540000092696946,1.0,7.79,N,
ATOM,893,CA, ,GLY,A,122, ,1.0340000569460355,-3.5190000468068647,-10.724000034798353,1.0,8.12,C,
ATOM,894,C, ,GLY,A,122, ,-0.06500001701601292,-4.500999935077643,-11.080000089562514,1.0,7.83,C,
ATOM,896,N, ,ASN,A,123, ,0.13699994711536304,-5.278999930419641,-12.143999942951615,1.0,7.64,N,
ATOM,897,CA, ,ASN,A,123, ,-0.9020000698636328,-6.158999992818166,-12.659000000671947,1.0,8.08,C,
ATOM,898,C, ,ASN,A,123, ,-0.5200000777097465,-7.629999924930161,-12.753000096825092,1.0,8.47,C,
ATOM,904,N, ,VAL,A,124, ,0.7619999284799552,-7.964999992611628,-12.80500005771802,1.0,9.2,N,
ATOM,905,CA, ,VAL,A,124, ,1.171000098546356,-9.32400009939601,-13.149999970713308,1.0,9.29,C,
ATOM,906,C, ,VAL,A,124, ,0.8239999407938027,-10.3709999465629,-12.114000017574302,1.0,9.06,C,
ATOM,911,N, ,PHE,A,125, ,0.5609999089383131,-10.025999978544641,-10.864000054439837,1.0,8.54,N,
ATOM,912,CA, ,PHE,A,125, ,0.2739999309968404,-10.99000005537927,-9.814999996856544,1.0,8.43,C,
ATOM,913,C, ,PHE,A,125, ,-1.1189999458648185,-11.583000047677782,-9.94500005718795,1.0,8.36,C,
ATOM,922,N, ,GLY,A,126, ,-1.9989999173049346,-10.942000093482175,-10.711999927022315,1.0,8.43,N,
ATOM,923,CA, ,GLY,A,126, ,-3.3599999689480176,-11.381000020221675,-10.921000094602212,1.0,9.2,C,
ATOM,924,C, ,GLY,A,126, ,-3.5959999434203924,-12.146999941193734,-12.213000005916188,1.0,9.44,C,
ATOM,926,N, ,PHE,A,127, ,-2.5579999675915985,-12.377999925508153,-13.00699990273529,1.0,9.59,N,
ATOM,927,CA, ,PHE,A,127, ,-2.767999966055522,-13.080999937460133,-14.273999912035245,1.0,10.51,C,
ATOM,928,C, ,PHE,A,127, ,-3.291999986363907,-14.47900001334316,-14.016999913851514,1.0,10.65,C,
ATOM,937,N, ,LYS,A,128, ,-4.281000094483904,-14.882000054938876,-14.815999922170645,1.0,10.58,N,
ATOM,938,CA, ,LYS,A,128, ,-4.819000029908369,-16.23500000290832,-14.722999931060597,1.0,10.27,C,
ATOM,939,C, ,LYS,A,128, ,-3.7819999195370833,-17.29099995071532,-15.059000012443777,1.0,10.81,C,
ATOM,946,N, ,ALA,A,129, ,-2.839000029222016,-16.982999911288523,-15.944000050772958,1.0,11.14,N,
ATOM,947,CA, ,ALA,A,129, ,-1.8249999696652721,-17.917000031714938,-16.3970000365229,1.0,11.16,C,
ATOM,948,C, ,ALA,A,129, ,-0.7729999698987106,-18.255000075702025,-15.351000015256483,1.0,11.39,C,
