pdb,nnodes,nedges,num,idist,nsols,tsecs,min_eij,avg_eij,max_eij,min_rmsd,avg_rmsd,max_rmsd
"1i0hA_145 (147,149)",24,123,1000,"[4.69, 5.76]",32,14.73145,0.0008761,0.004619818750000001,0.009046,0.01589,3.1917825000000004,5.52
