RECORD,serial,name,altLoc,resName,chainID,resSeq,iCode,x,y,z,occupancy,tempFactor,element,charge
ATOM,1129,N, ,ASN,A,145, ,8.077000026136183,31.922999973675985,20.948999901207493,1.0,5.24,N,
ATOM,1130,CA, ,ASN,A,145, ,6.677000081939544,31.516999993678144,21.05199999896254,1.0,5.28,C,
ATOM,1131,C, ,ASN,A,145, ,5.97000007919928,31.76500005275098,19.736999982816876,1.0,4.53,C,
ATOM,1137,N, ,GLN,A,146, ,4.852999983170578,32.484000010882916,19.704999945263054,1.0,4.9,N,
ATOM,1138,CA, ,GLN,A,146, ,4.197000003521356,32.746000019239716,18.419999983170847,1.0,5.66,C,
ATOM,1139,C, ,GLN,A,146, ,4.381000012891883,34.20200001274334,18.012000029221266,1.0,4.67,C,
ATOM,1146,N, ,ASP,A,147, ,5.428000020053566,34.84800007819334,18.52399995114599,1.0,6.25,N,
ATOM,1147,CA, ,ASP,A,147, ,5.7189999089453885,36.210000092087846,18.083999944071657,1.0,6.61,C,
ATOM,1148,C, ,ASP,A,147, ,6.155000086808923,36.19500004233707,16.620999936713034,1.0,5.61,C,
ATOM,1154,N, ,SER,A,148, ,5.905999956581092,37.31799998310507,15.963999945621648,1.0,5.34,N,
ATOM,1155,CA, ,SER,A,148, ,6.281999919162241,37.50900003053771,14.570000061480656,1.0,4.98,C,
ATOM,1156,C, ,SER,A,148, ,7.068999920360395,38.805999962414454,14.427000049229001,1.0,6.37,C,
ATOM,1160,N, ,PRO,A,149, ,8.01700008126815,38.89099997473671,13.506000033144074,1.0,5.82,N,
ATOM,1161,CA, ,PRO,A,149, ,8.67299997472676,40.18400000892562,13.252000041023686,1.0,6.5,C,
ATOM,1162,C, ,PRO,A,149, ,7.669000091717062,41.22799995838029,12.78799990848449,1.0,7.68,C,
ATOM,1167,N, ,LEU,A,150, ,6.505999942874667,40.83300007716272,12.280000084625335,1.0,5.41,N,
ATOM,1168,CA, ,LEU,A,150, ,5.477000086112987,41.80700002608187,11.938999947425852,1.0,6.87,C,
ATOM,1169,C, ,LEU,A,150, ,4.959999918909512,42.567999999744636,13.151999982655743,1.0,6.8,C,
ATOM,1175,N, ,MET,A,151, ,5.139000012284588,42.02500007467764,14.34500007519344,1.0,7.38,N,
ATOM,1176,CA, ,MET,A,151, ,4.726000081939669,42.71099993620562,15.561999995642552,1.0,7.97,C,
ATOM,1177,C, ,MET,A,151, ,5.645000062249993,43.86999991268969,15.928999975327383,1.0,7.68,C,
ATOM,1183,N, ,GLY,A,152, ,6.853999929555808,43.89500007917633,15.389999949047034,1.0,7.03,N,
ATOM,1184,CA, ,GLY,A,152, ,7.823999942247204,44.9309999316736,15.668000086327414,1.0,8.6,C,
ATOM,1185,C, ,GLY,A,152, ,8.77699994056691,44.61500006977395,16.801000026181406,1.0,7.38,C,
