pdb,nnodes,nedges,num,idist,nsols,tsecs,min_eij,avg_eij,max_eij,min_rmsd,avg_rmsd,max_rmsd
"1ixhA_106 (108,110)",24,123,1000,"[5.67, 6.89]",912,52.473315,5.072e-06,0.005064172054824561,0.009952,0.005517,7.932430813596492,10.84
