RECORD,serial,name,altLoc,resName,chainID,resSeq,iCode,x,y,z,occupancy,tempFactor,element,charge
ATOM,1536,N, ,GLY,A,106, ,39.296999968371416,39.68899999843384,1.0850000674626603,1.0,10.11,N,
ATOM,1537,CA, ,GLY,A,106, ,40.65699996003922,40.24299998198027,1.1469999951915446,1.0,11.82,C,
ATOM,1538,C, ,GLY,A,106, ,40.79200000372468,41.61100005081456,0.5420000936204283,1.0,12.7,C,
ATOM,1543,N, ,LYS,A,107, ,39.6759999031848,42.25600004417756,0.19199998243539412,1.0,12.21,N,
ATOM,1544,CA, ,LYS,A,107, ,39.69299993659109,43.56100004538942,-0.4410000710163527,1.0,13.76,C,
ATOM,1545,C, ,LYS,A,107, ,39.967999987302065,44.65599995581364,0.5479999885935332,1.0,14.52,C,
ATOM,1565,N, ,ILE,A,108, ,39.569000028738756,44.4699999364793,1.7979999709382275,1.0,15.51,N,
ATOM,1566,CA, ,ILE,A,108, ,39.722000040867535,45.41099994014611,2.8879999347406926,1.0,14.01,C,
ATOM,1567,C, ,ILE,A,108, ,40.78300000592003,44.86000004537578,3.806000034101902,1.0,16.28,C,
ATOM,1584,N, ,LYS,A,109, ,41.92599997946995,45.508000018801965,3.9890000515094917,1.0,17.18,N,
ATOM,1585,CA, ,LYS,A,109, ,43.04000002430092,44.9440000729427,4.735000066073183,1.0,18.58,C,
ATOM,1586,C, ,LYS,A,109, ,43.3400000787371,45.47600000467627,6.097000038174872,1.0,14.67,C,
ATOM,1606,N, ,LYS,A,110, ,42.806000018948566,46.70500009546243,6.381999974943854,1.0,15.77,N,
ATOM,1607,CA, ,LYS,A,110, ,43.07899992602695,47.34400006594237,7.66200001768168,1.0,15.56,C,
ATOM,1608,C, ,LYS,A,110, ,41.78899998420644,47.75600000924355,8.36199993650576,1.0,13.37,C,
ATOM,1628,N, ,TRP,A,111, ,41.803999994107194,47.77699995136826,9.703000011258103,1.0,12.56,N,
ATOM,1629,CA, ,TRP,A,111, ,40.55399992371356,48.106999909291126,10.402000053718071,1.0,12.59,C,
ATOM,1630,C, ,TRP,A,111, ,40.115999910221575,49.57099997451943,10.277999992326551,1.0,13.58,C,
ATOM,1652,N, ,ASP,A,112, ,40.98000009840314,50.45700007849702,9.791000067190785,1.0,14.44,N,
ATOM,1653,CA, ,ASP,A,112, ,40.57800004190029,51.87099993684269,9.587999987406324,1.0,15.07,C,
ATOM,1654,C, ,ASP,A,112, ,40.32399999270659,52.15300001422357,8.09999995547749,1.0,14.91,C,
ATOM,1664,N, ,ASP,A,113, ,40.06800005042728,51.12699991123448,7.325000070952574,1.0,15.39,N,
ATOM,1665,CA, ,ASP,A,113, ,39.5950000680191,51.28200006120661,5.960000038136189,1.0,16.26,C,
ATOM,1666,C, ,ASP,A,113, ,38.44800008445661,52.23100002124356,5.865000027423502,1.0,14.93,C,
