RECORD,serial,name,altLoc,resName,chainID,resSeq,iCode,x,y,z,occupancy,tempFactor,element,charge
ATOM,3189,N, ,ASN,A,420, ,77.62400007961429,54.795999996562344,15.719999995164933,1.0,9.77,N,
ATOM,3190,CA, ,ASN,A,420, ,76.17799990082686,55.035000015495044,15.747999984677662,1.0,9.63,C,
ATOM,3191,C, ,ASN,A,420, ,75.43000004625486,54.75100007102725,17.056999913850852,1.0,10.56,C,
ATOM,3197,N, ,ILE,A,421, ,76.16999999451599,54.3830000917856,18.098999919192327,1.0,12.68,N,
ATOM,3198,CA, ,ILE,A,421, ,75.61200004904998,54.19599991389036,19.442999911880626,1.0,15.47,C,
ATOM,3199,C, ,ILE,A,421, ,76.74899990360282,54.57600005493124,20.38599999224313,1.0,16.81,C,
ATOM,3205,N, ,GLY,A,422, ,76.41900001809762,55.17199991605454,21.518999946103868,1.0,19.39,N,
ATOM,3206,CA, ,GLY,A,422, ,77.45400002720679,55.602999959184785,22.445000077065217,1.0,21.78,C,
ATOM,3207,C, ,GLY,A,422, ,78.24700007384607,54.52900007020558,23.16800000486589,1.0,23.78,C,
ATOM,3209,N, ,LYS,A,423, ,79.33299993682729,54.96000004951908,23.812000025759836,1.0,25.55,N,
ATOM,3210,CA, ,LYS,A,423, ,80.21100006234249,54.076000031060936,24.587000057670007,1.0,27.11,C,
ATOM,3211,C, ,LYS,A,423, ,79.46500001008458,53.39199999577988,25.735000050872657,1.0,27.43,C,
ATOM,3218,N, ,TYR,A,424, ,78.57299997396703,54.145000077079054,26.376000078069602,1.0,26.47,N,
ATOM,3219,CA, ,TYR,A,424, ,77.79699994988772,53.67099998226249,27.515999966238528,1.0,25.98,C,
ATOM,3220,C, ,TYR,A,424, ,76.29899990587369,53.685999914695394,27.203000034073806,1.0,24.88,C,
ATOM,3230,N, ,ARG,A,425, ,75.50700005551799,53.16100001239122,28.121999982659197,1.0,25.17,N,
ATOM,3231,CA, ,ARG,A,425, ,74.05999996365045,53.12200006706762,27.924000063841376,1.0,24.51,C,
ATOM,3232,C, ,ARG,A,425, ,73.35200001641417,54.3870000199343,28.42399996374527,1.0,22.76,C,
ATOM,3241,N, ,SER,A,426, ,74.06699999948452,55.20600003337763,29.18100009611621,1.0,17.62,N,
ATOM,3242,CA, ,SER,A,426, ,73.50200009585812,56.42299998111567,29.740000011233693,1.0,14.66,C,
ATOM,3243,C, ,SER,A,426, ,73.23200007754433,57.52200001668956,28.707000073518035,1.0,11.9,C,
ATOM,3247,N, ,ALA,A,427, ,72.26400005852709,58.3889999109215,28.997000022766315,1.0,10.14,N,
ATOM,3248,CA, ,ALA,A,427, ,71.95599998847568,59.53799994331847,28.133999941811904,1.0,8.62,C,
ATOM,3249,C, ,ALA,A,427, ,71.78999991117642,59.23799998551008,26.648999996268437,1.0,6.78,C,
