pdb,nnodes,nedges,num,idist,nsols,tsecs,min_eij,avg_eij,max_eij,min_rmsd,avg_rmsd,max_rmsd
"1lamA_420 (422,424)",24,123,1000,"[6.51, 7.10]",672,37.221705,6.578e-06,0.005391839220238095,0.009997,0.002011,3.105897794642857,4.195
