RECORD,serial,name,altLoc,resName,chainID,resSeq,iCode,x,y,z,occupancy,tempFactor,element,charge
ATOM,2143,N, ,GLY,B,14, ,63.04200000112159,8.192000055405819,20.926000049693844,1.0,8.97,N,
ATOM,2144,CA, ,GLY,B,14, ,61.6420000483002,8.478999912630128,20.655999960944403,1.0,9.39,C,
ATOM,2145,C, ,GLY,B,14, ,61.424999905918696,9.076000078615111,19.26100003810353,1.0,9.5,C,
ATOM,2147,N, ,MET,B,15, ,60.1769999471642,9.500999974246538,19.063999995207872,1.0,9.01,N,
ATOM,2148,CA, ,MET,B,15, ,59.724999916938074,10.059999928895834,17.795999908510396,1.0,10.49,C,
ATOM,2149,C, ,MET,B,15, ,58.92300001425128,11.327999985642979,18.023999917348647,1.0,10.06,C,
ATOM,2155,N, ,TYR,B,16, ,59.607999959400495,12.378999925400484,18.45599992282065,1.0,10.86,N,
ATOM,2156,CA, ,TYR,B,16, ,58.96399994225074,13.634000047891506,18.810999945879253,1.0,10.39,C,
ATOM,2157,C, ,TYR,B,16, ,58.869000085138474,14.562000034662885,17.599999929561136,1.0,9.93,C,
ATOM,2167,N, ,VAL,B,17, ,58.01999993906372,14.14599999343296,16.655000082097008,1.0,11.06,N,
ATOM,2168,CA, ,VAL,B,17, ,57.760999948701,14.990000070533112,15.48999992252137,1.0,10.15,C,
ATOM,2169,C, ,VAL,B,17, ,56.260999955265106,15.26600002817452,15.44100004381169,1.0,10.65,C,
ATOM,2174,N, ,PRO,B,18, ,55.87499994502515,16.323000007356562,14.750999947346722,1.0,10.9,N,
ATOM,2175,CA, ,PRO,B,18, ,54.46399997926763,16.580999988781137,14.511000028589267,1.0,11.68,C,
ATOM,2176,C, ,PRO,B,18, ,53.81900004471853,15.347000091281757,13.906999913368535,1.0,10.91,C,
ATOM,2181,N, ,GLN,B,19, ,52.557999929215114,15.10800001331017,14.25399993720008,1.0,11.26,N,
ATOM,2182,CA, ,GLN,B,19, ,51.81200003359912,13.96099993275785,13.787999942792965,1.0,10.77,C,
ATOM,2183,C, ,GLN,B,19, ,51.91100002832469,13.730999916006972,12.276999962758794,1.0,10.33,C,
ATOM,2190,N, ,ILE,B,20, ,51.91899991924995,14.83699991219412,11.523000049647466,1.0,11.49,N,
ATOM,2191,CA, ,ILE,B,20, ,51.970999934323515,14.712999907824612,10.057999956058923,1.0,11.5,C,
ATOM,2192,C, ,ILE,B,20, ,53.15700006458033,13.912999990114276,9.575000097803983,1.0,11.8,C,
ATOM,2198,N, ,LEU,B,21, ,54.26500002546255,13.885999923457799,10.322000098248566,1.0,12.79,N,
ATOM,2199,CA, ,LEU,B,21, ,55.45599999806089,13.169000071524632,9.883999987952162,1.0,12.29,C,
ATOM,2200,C, ,LEU,B,21, ,55.52999992776299,11.725999975297329,10.358000093386284,1.0,11.01,C,
