pdb,nnodes,nedges,num,idist,nsols,tsecs,min_eij,avg_eij,max_eij,min_rmsd,avg_rmsd,max_rmsd
"1qopB_14 (16,18)",24,123,1000,"[7.00, 7.47]",448,35.227414,4.008e-05,0.0049847133928571435,0.009976,0.0001851,4.459919009375,6.589
