RECORD,serial,name,altLoc,resName,chainID,resSeq,iCode,x,y,z,occupancy,tempFactor,element,charge
ATOM,400,N, ,GLU,D,51, ,-6.063999913047121,22.006999994370393,11.579000000096382,1.0,9.44,N,
ATOM,401,CA, ,GLU,D,51, ,-5.098999986644152,21.282000044116984,10.763000079875749,1.0,10.39,C,
ATOM,402,C, ,GLU,D,51, ,-3.843000094987603,22.111000024914564,10.504999950966733,1.0,10.17,C,
ATOM,409,N, ,VAL,D,52, ,-2.7819999601637377,21.32599993841306,10.319999963401266,1.0,10.13,N,
ATOM,410,CA, ,VAL,D,52, ,-1.5449999800528882,21.872000096359958,9.788000013087375,1.0,9.66,C,
ATOM,411,C, ,VAL,D,52, ,-1.8630000982989638,22.467000061744063,8.436000015743073,1.0,10.27,C,
ATOM,416,N, ,PRO,D,53, ,-1.467000076288184,23.701999978029907,8.12199993781721,1.0,10.51,N,
ATOM,417,CA, ,PRO,D,53, ,-1.7509999075832796,24.220999916082867,6.780000068364718,1.0,11.75,C,
ATOM,418,C, ,PRO,D,53, ,-1.1010000455778017,23.40300008300063,5.696999949252891,1.0,11.45,C,
ATOM,423,N, ,GLY,D,54, ,-1.6319999295853094,23.127000045950062,4.546000000251284,1.0,13.87,N,
ATOM,424,CA, ,GLY,D,54, ,-1.327000039451001,22.346999940491095,3.4470000476306653,1.0,12.8,C,
ATOM,425,C, ,GLY,D,54, ,-2.1469999900080303,22.622000045052,2.1999999242570536,1.0,12.57,C,
ATOM,427,N, ,SER,D,55, ,-1.9470000522261868,21.77999994851587,1.2100000196011902,1.0,15.91,N,
ATOM,428,CA, ,SER,D,55, ,-2.476999942083679,22.057999911806643,-0.11099998738218544,1.0,15.84,C,
ATOM,429,C, ,SER,D,55, ,-3.978000044401934,21.90199992761702,-0.20600007318638702,1.0,18.09,C,
ATOM,433,N, ,GLN,D,56, ,-4.612999996886184,21.457000045346103,0.8250000556650888,1.0,17.2,N,
ATOM,434,CA, ,GLN,D,56, ,-6.005000072985928,21.171999996482747,1.102999970304523,1.0,16.99,C,
ATOM,435,C, ,GLN,D,56, ,-6.61999998675503,22.528000080847573,1.452999961733879,1.0,15.04,C,
ATOM,442,N, ,HIS,D,57, ,-5.760000013306744,23.50600008340262,1.6940000402493613,1.0,14.47,N,
ATOM,443,CA, ,HIS,D,57, ,-6.177000091290456,24.8609999165679,1.9960000998662593,1.0,15.31,C,
ATOM,444,C, ,HIS,D,57, ,-5.8770000761319485,25.83100005167345,0.8650000329973104,1.0,17.87,C,
ATOM,452,N, ,ILE,D,58, ,-6.847000087751033,26.6689999658483,0.49500008975815346,1.0,17.06,N,
ATOM,453,CA, ,ILE,D,58, ,-6.572000056047231,27.73700004701355,-0.48199991700959044,1.0,17.53,C,
ATOM,454,C, ,ILE,D,58, ,-5.938000092342819,28.932999998815387,0.2100000338510545,1.0,18.88,C,
