pdb,nnodes,nedges,num,idist,nsols,tsecs,min_eij,avg_eij,max_eij,min_rmsd,avg_rmsd,max_rmsd
"3chbD_51 (53,55)",24,123,100,"[6.29, 7.40]",46,2.811152,0.000373,0.005397086956521739,0.009948,0.07021,5.201009130434782,7.184
